{
  "start_equity_inr": 200000.0,
  "final_equity_inr": 58990.54466214839,
  "cagr_pct": -11.53654441209696,
  "sharpe": -1.969262501515206,
  "max_drawdown_pct": -70.60805649427421,
  "win_rate_pct": 26.701400195376102,
  "n_trades": 3071
}